<?xml version="1.0" encoding="utf-8"?>
<!-- $Id: manifest.xml 559 2011-03-06 16:57:08Z richie $ -->
<!DOCTYPE install SYSTEM "http://www.joomla.org/xml/dtd/1.5/component-install.dtd">
<install type="component" version="1.5.0" method="upgrade" mootools="1.2">
	<name>NinjaXplorer</name>
	<author>NinjaForge</author>
    <creationDate>December 2010</creationDate>
	<copyright>Copyright 2010 NinjaForge</copyright>
	<license>GNU GPLv3</license>
	<csslicense>CC-BY</csslicense>
	<jslicense>MIT</jslicense>
	<authoremail>support@ninjaforge.com</authoremail>
    <authorurl>ninjaforge.com</authorurl>
    <support href="http://ninjaforge.com/index.php?option=com_fireboard&amp;Itemid=111&amp;func=showcat&amp;catid=54">Forums</support>
    <rate href="http://extensions.joomla.org/extensions/communication/forum/11513">Joomla Extensions Directory (JED)</rate>
	<version status="Alpha" color="#009199">1.0.0</version>
	<revision>557</revision>
	<description>File Manager for Joomla!</description>

	<!-- Credits -->
	<credits>
		<a href="http://www.nooku.org/en/framework.html" data-favicon="/templates/bpt_nooku/favicon.ico" target="_blank">NinjaXplorer is a proud user of the Nooku Framework</a>
		<a href="http://gnome-look.org/content/show.php/GNOME-colors?content=82562" title="Visit his portfolio">Gnome Colors By Victor C</a>
	</credits>
	
	<administration>
		<menu img="../media/com_ninja/images/16/ninjaforge.png">NinjaXplorer</menu>
		<submenu>
            <menu view="dashboard" img="../media/com_ninja/images/16/dashboard.png">Dashboard</menu>
             <menu view="files" img="../media/com_ninjaxplorer/images/16/files.png">File Browser</menu>
        </submenu>
		
		<files folder="administrator/components/com_ninjaxplorer">

			<file>changelog.xml</file>
			<file>htaccess.txt</file>
			<file>ninjaxplorer.php</file>

			<folder>controllers</folder>
			<folder>install</folder>
			<folder>models</folder>
			<folder>views</folder>

		</files>
		
		<languages folder="administrator/language">
			<language tag="en-GB">en-GB/en-GB.com_ninjaxplorer.ini</language>
			<language tag="en-GB">en-GB/en-GB.com_ninjaxplorer.menu.ini</language>
		</languages>
	</administration>
	
	<media folder="media/com_ninjaxplorer" destination="com_ninjaxplorer">
		<folder>css</folder>
		<folder>images</folder>
		<file>htaccess.txt</file>
	</media>
	
	<installfile>install/install.php</installfile>
	<!-- For j1.6 -->
	<scriptfile>install/install.php</scriptfile>
</install>
